title,url,text
INSIDER_NEWSLETTER_ISSUE_314.pdf,https://capexinsider.com/wp-content/uploads/2025/07/sx4J0rPUrbrB.pdf,Download PDF Here
INSIDER_NEWSLETTER_ISSUE_313.pdf,https://capexinsider.com/wp-content/uploads/2025/06/EWHpA7fxjk21.pdf,Download PDF Here
INSIDER_NEWSLETTER_ISSUE_312.pdf,https://capexinsider.com/wp-content/uploads/2025/05/W8Chk3WND5iM.pdf,Download PDF Here
INSIDER_NEWSLETTER_ISSUE_311.pdf,https://capexinsider.com/wp-content/uploads/2025/05/ipopK0prDoR4.pdf,Download PDF Here
INSIDER_NEWSLETTER_ISSUE_310.pdf,https://capexinsider.com/wp-content/uploads/2025/04/hM5NQbzYlUNu.pdf,Download PDF Here
INSIDER_NEWSLETTER_ISSUE_309.pdf,https://capexinsider.com/wp-content/uploads/2025/03/T2r8LzoZjAAY.pdf,Download PDF Here
INSIDER_NEWSLETTER_ISSUE_308.pdf,https://capexinsider.com/wp-content/uploads/2025/02/trKqhRvJQ8N2.pdf,Download PDF Here
INSIDER_NEWSLETTER_ISSUE_307.pdf,https://capexinsider.com/wp-content/uploads/2025/01/LmCQuRVO1r1f.pdf,Download PDF Here
INSIDER_NEWSLETTER_ISSUE_306.pdf,https://capexinsider.com/wp-content/uploads/2024/12/Hl0xCKJZqYAB.pdf,Download PDF Here
INSIDER_NEWSLETTER_ISSUE_305.pdf,https://capexinsider.com/wp-content/uploads/2024/12/FFRZoy5rgMmS.pdf,Download PDF Here
INSIDER_NEWSLETTER_ISSUE_304.pdf,https://capexinsider.com/wp-content/uploads/2024/11/bNlA3niBNujL.pdf,Download PDF Here
INSIDER_NEWSLETTER_ISSUE_303.pdf,https://capexinsider.com/wp-content/uploads/2024/10/CtIIKeR9UmyP.pdf,Download PDF Here
